2344 (44),,,,
2345 (45),,,,
2346 (46),,,,
2347 (47),,,,
2451 (51),,,,
2452 (52),,,,
2453 (53),,,,
2454 (54),,,,
2455 (55),,,,
2482 (82),,,,
2483 (83),,,,
2511 (11),,,,
2512 (12),,,,
2513 (13),,,,
2514 (14),,,,
2515 (15),,,,
2516 (16),,,,
2517 (17),,,,
2518 (18),,,,
2536 (36),,,,
2537 (37),,,,
2538 (38),,,,
2539 (39),,,,
2562 (62),,,,
2566 (66),,,,
2567 (67),,,,
2568 (68),,,,
2569 (69),,,,
2721 (21),,,,
2722 (22),,,,
2723(23),,,,
2724 (24),,,,
2725 (25),,,,
2726 (26),,,,